-- phpMyAdmin SQL Dump
-- version 5.1.0
-- https://www.phpmyadmin.net/
--
-- Host: 127.0.0.1
-- Generation Time: Jul 08, 2021 at 05:09 AM
-- Server version: 10.4.18-MariaDB
-- PHP Version: 7.3.27

SET SQL_MODE = "NO_AUTO_VALUE_ON_ZERO";
START TRANSACTION;
SET time_zone = "+00:00";


/*!40101 SET @OLD_CHARACTER_SET_CLIENT=@@CHARACTER_SET_CLIENT */;
/*!40101 SET @OLD_CHARACTER_SET_RESULTS=@@CHARACTER_SET_RESULTS */;
/*!40101 SET @OLD_COLLATION_CONNECTION=@@COLLATION_CONNECTION */;
/*!40101 SET NAMES utf8mb4 */;

--
-- Database: `fdchexo_studio`
--

-- --------------------------------------------------------

--
-- Table structure for table `album`
--

CREATE TABLE `album` (
  `id_album` int(11) NOT NULL,
  `nama_album` char(50) NOT NULL,
  `slug_album` char(50) NOT NULL,
  `foto` text NOT NULL,
  `created_by` char(20) NOT NULL,
  `created_at` datetime NOT NULL DEFAULT current_timestamp(),
  `modified_by` char(20) DEFAULT NULL,
  `modified_at` datetime DEFAULT NULL ON UPDATE current_timestamp()
) ENGINE=InnoDB DEFAULT CHARSET=latin1;

--
-- Dumping data for table `album`
--

INSERT INTO `album` (`id_album`, `nama_album`, `slug_album`, `foto`, `created_by`, `created_at`, `modified_by`, `modified_at`) VALUES
(8, 'Family', 'family', 'family20210627212851.jpg', 'superadmin', '2021-06-27 21:28:51', NULL, NULL),
(9, 'Weeding', 'weeding', 'weeding20210627213212.jpg', 'superadmin', '2021-06-27 21:32:12', NULL, NULL),
(10, 'Friends', 'friends', 'friends20210627213247.jpg', 'superadmin', '2021-06-27 21:32:47', NULL, NULL),
(11, 'Outdor', 'outdor', 'outdor20210627213333.jpg', 'superadmin', '2021-06-27 21:33:33', NULL, NULL);

-- --------------------------------------------------------

--
-- Table structure for table `bank`
--

CREATE TABLE `bank` (
  `id_bank` int(11) NOT NULL,
  `nama_bank` varchar(100) NOT NULL,
  `atas_nama` varchar(100) NOT NULL,
  `norek` varchar(100) NOT NULL,
  `logo` varchar(100) NOT NULL
) ENGINE=InnoDB DEFAULT CHARSET=latin1;

--
-- Dumping data for table `bank`
--

INSERT INTO `bank` (`id_bank`, `nama_bank`, `atas_nama`, `norek`, `logo`) VALUES
(1, 'BNI', 'Fiqri Firdaus', '12345678', 'bni.png');

-- --------------------------------------------------------

--
-- Table structure for table `company`
--

CREATE TABLE `company` (
  `id_company` int(11) NOT NULL,
  `company_name` varchar(100) NOT NULL,
  `company_desc` text NOT NULL,
  `company_address` text NOT NULL,
  `company_maps` text NOT NULL,
  `company_phone` char(30) NOT NULL,
  `company_phone2` char(30) NOT NULL,
  `company_fax` char(30) NOT NULL,
  `company_email` char(30) NOT NULL,
  `foto` text NOT NULL,
  `foto_type` char(10) NOT NULL,
  `created` datetime NOT NULL DEFAULT current_timestamp(),
  `modified` datetime DEFAULT NULL,
  `created_by` char(50) NOT NULL,
  `modified_by` char(50) NOT NULL
) ENGINE=InnoDB DEFAULT CHARSET=latin1;

--
-- Dumping data for table `company`
--

INSERT INTO `company` (`id_company`, `company_name`, `company_desc`, `company_address`, `company_maps`, `company_phone`, `company_phone2`, `company_fax`, `company_email`, `foto`, `foto_type`, `created`, `modified`, `created_by`, `modified_by`) VALUES
(1, 'STUDIO FD-CHEXO', 'Kami adalah studio foto yang memiliki satu tujuan, untuk membantu menyimpan momen momen bahagia kamu tanpa harus membayar jutaan, Hanya di FD-CHEXO Photo Studio Anda bisa menyimpan momen bahagia tanpa harus bayar jutaan . Dengan  hasil karya foto yang berkualitas yang akan kamu bawa pulang untuk kenangan suatu saat nanti.\r\n<br><br><br>\r\n<strong>“Simpan Momen Bahagia Anda dengan orang Tersayang Di Demos Photo Studio”</strong>', 'Jl. Cikeusal-Panosogan Ds. Cikeusal Kec. Cikeusal Kab. Serang-Banten.', '<iframe src=\"https://www.google.com/maps/embed?pb=!1m18!1m12!1m3!1d3966.35306020984!2d106.25687991413758!3d-6.217085462623059!2m3!1f0!2f0!3f0!3m2!1i1024!2i768!4f13.1!3m3!1m2!1s0x2e421ea30b4425d1%3A0x3709494d45ec00d0!2sJl.%20Raya%20Cikeusal%20-%20Panosogan%2C%20Kec.%20Cikeusal%2C%20Serang%2C%20Banten%2042175!5e0!3m2!1sid!2sid!4v1624796261700!5m2!1sid!2sid\" width=\"600\" height=\"450\" style=\"border:0;\" allowfullscreen=\"\" loading=\"lazy\"></iframe>', '6283813822549', '', '', 'fiqrifirdasuff@gmail.com', 'studio-fd-chexo20210628134012', '.jpg', '2017-11-09 06:45:34', NULL, 'amperakoding', 'superadmin');

-- --------------------------------------------------------

--
-- Table structure for table `diskon`
--

CREATE TABLE `diskon` (
  `id` int(11) NOT NULL,
  `harga` int(11) NOT NULL
) ENGINE=InnoDB DEFAULT CHARSET=latin1;

--
-- Dumping data for table `diskon`
--

INSERT INTO `diskon` (`id`, `harga`) VALUES
(1, 50000);

-- --------------------------------------------------------

--
-- Table structure for table `event`
--

CREATE TABLE `event` (
  `id_event` int(11) NOT NULL,
  `nama_event` varchar(100) NOT NULL,
  `slug_event` varchar(100) DEFAULT NULL,
  `deskripsi` text DEFAULT NULL,
  `kategori` int(11) DEFAULT NULL,
  `foto` text DEFAULT NULL,
  `foto_type` char(10) DEFAULT NULL,
  `created_at` datetime NOT NULL DEFAULT current_timestamp(),
  `created_by` char(50) NOT NULL,
  `modified_at` datetime DEFAULT NULL ON UPDATE current_timestamp(),
  `modified_by` char(50) NOT NULL
) ENGINE=InnoDB DEFAULT CHARSET=latin1;

--
-- Dumping data for table `event`
--

INSERT INTO `event` (`id_event`, `nama_event`, `slug_event`, `deskripsi`, `kategori`, `foto`, `foto_type`, `created_at`, `created_by`, `modified_at`, `modified_by`) VALUES
(8, 'Photo Studio Di Cikeusal Bayar Sesukamu', 'photo-studio-di-cikeusal-bayar-sesukamu', '<p class=\"has-text-align-center\"><strong>Fotografi studio</strong> adalah jenis fotografi yang pada awalnya banyak dilakukan di dalam ruangan untuk menciptakan gambar sesuai keinginan fotografer. Fotografi jenis ini memerlukan banyak campur tangan teknis agar gambar yang dihasilkan benar-benar sesuai dengan yang direncanakan, Fotografi studio dimulai pada abad 19. Kurangnya pencahayaan membuat fotografer berpikir keras untuk merekayasa pencahayaan di dalam ruangan, seperti memantulkan cahaya matahari dengan pemantul besar dari jalan ke jendela.</p>\r\n<p class=\"has-text-align-center\">Fotografi studio banyak memberikan peran di dalam dunia seni. Di antaranya memberi referensi sangat detail mengenai subjek yang dipotret. Termasuk dengan memperlihatkan dengan mudah informasi mengenai pencahayaan. Informasi ini sangat berharga bagi seniman sebagai salah satu bahan studi dalam membuat karya.</p>', 4, 'photo-studio-di-cikeusal-bayar-sesukamu20210627223002', '.jpg', '2021-06-27 22:30:02', 'superadmin', NULL, ''),
(9, 'Foto Buku Tahunan Di Cikeusal Bayar Sesukamu', 'foto-buku-tahunan-di-cikeusal-bayar-sesukamu', '<p class=\"has-text-align-center\">Di masa transisi ini kita sudah mulai menjadi orang dewasa dan sedikit memiliki kebebasan dalam mengambil keputusan namun belum memiliki beban sebesar orang dewasa. Dengan keadaan seperti ini kita dapat melakukan eksplorasi terhadap potensi diri kita.</p>\r\n<p class=\"has-text-align-center\">Masa-masa SMA cenderung memiliki solidaritas yang sangat tinggi. Bahkan lebih tinggi jika dibandingkan dengan ketika kita sudah kuliah. Pada fase ini kita dan teman sama sama sedang melakukan pencarian jati diri. Umumnya kita dan teman akan lebih saling memahami dan membantu dalam prosesnya. Selain itu siswa SMA juga menginginkan untuk dapat masuk dan lulus dari sekolah bersama sehingga pasti akan saling membantu agar dapat lulus bersamaan.</p>\r\n<p class=\"has-text-align-center\">Ketika SMA, kita sudah dianggap cukup dewasa dan diizinkan untuk menentukan pilihan. Maka dari itu saat SMA kita memiliki banyak momen baik di sekolah maupun di luar sekolah. Biasanya momen yang tak terlupakan adalah momen ketika liburan bersama. Karena beban kita juga belum sebanyak ketika sudah dewasa maka momen liburan terasa lebih menyenangkan tanpa beban.</p>', 3, 'foto-buku-tahunan-di-cikeusal-bayar-sesukamu20210627223205', '.jpg', '2021-06-27 22:32:05', 'superadmin', NULL, ''),
(10, 'Foto Studio Wedding Di Cikeusal Bayar Sesukamu', 'foto-studio-wedding-di-cikeusal-bayar-sesukamu', '<p class=\"has-text-align-center\"><strong>Fotografi studio</strong> pada awal abad ke-20, fotografi berwarna tersedia, tetapi masih belum dapat diandalkan dan mahal, sehingga sebagian besar fotografi pernikahan masih dipraktikkan dalam warna hitam dan putih. Konsep mengabadikan “acara” pernikahan muncul setelah Perang Dunia Kedua. Menggunakan teknologi rol film dan teknik pencahayaan yang ditingkatkan yang tersedia dengan penemuan bohlam lampu kilat ringkas , fotografer sering kali muncul di pesta pernikahan dan mencoba menjual foto nanti. Meski awalnya sering menghasilkan foto berkualitas rendah, persaingan tersebut memaksa para fotografer studio untuk mulai menggarap lokasi.Seorang fotografer pernikahan zaman modern memotret di pantai</p>\r\n<p class=\"has-text-align-center\">Awalnya, fotografer studio profesional mungkin membawa banyak peralatan berukuran besar, sehingga membatasi kemampuan mereka untuk merekam keseluruhan acara. Bahkan foto “candid” lebih sering dipentaskan setelah upacara. Pada tahun 1970-an, pendekatan yang lebih modern untuk merekam seluruh acara pernikahan mulai berkembang menjadi praktik seperti yang kita kenal sekarang, termasuk gaya fotografi” Fotografi dokumenter.</p>', 5, 'foto-studio-wedding-di-cikeusal-bayar-sesukamu20210627223741', '.jpg', '2021-06-27 22:37:41', 'superadmin', NULL, '');

-- --------------------------------------------------------

--
-- Table structure for table `foto`
--

CREATE TABLE `foto` (
  `id_foto` int(11) NOT NULL,
  `album_id` int(11) NOT NULL,
  `nama_foto` char(100) NOT NULL,
  `slug_foto` char(100) NOT NULL,
  `foto` text NOT NULL,
  `created_by` char(20) NOT NULL,
  `created_at` datetime NOT NULL DEFAULT current_timestamp(),
  `modified_by` char(20) NOT NULL,
  `modified_at` datetime DEFAULT NULL ON UPDATE current_timestamp()
) ENGINE=InnoDB DEFAULT CHARSET=latin1;

--
-- Dumping data for table `foto`
--

INSERT INTO `foto` (`id_foto`, `album_id`, `nama_foto`, `slug_foto`, `foto`, `created_by`, `created_at`, `modified_by`, `modified_at`) VALUES
(10, 8, 'Photo Couple', 'photo-couple', 'photo-couple20210627213104.jpg', 'superadmin', '2021-06-27 21:30:07', 'superadmin', '2021-06-27 21:31:04'),
(11, 8, 'Photo Couple', 'photo-couple', 'photo-couple20210627213051.jpg', 'superadmin', '2021-06-27 21:30:51', '', NULL),
(12, 9, 'Photo Wedding', 'photo-wedding', 'photo-wedding20210627213414.jpg', 'superadmin', '2021-06-27 21:34:14', '', NULL),
(13, 9, 'Photo Wedding', 'photo-wedding', 'photo-wedding20210627213427.jpg', 'superadmin', '2021-06-27 21:34:27', '', NULL),
(14, 10, 'Photo Group', 'photo-group', 'photo-group20210627213451.jpg', 'superadmin', '2021-06-27 21:34:51', '', NULL),
(15, 10, 'Photo Group', 'photo-group', 'photo-group20210627213512.jpg', 'superadmin', '2021-06-27 21:35:12', '', NULL),
(16, 10, 'Photo Group', 'photo-group', 'photo-group20210627213530.jpg', 'superadmin', '2021-06-27 21:35:30', '', NULL);

-- --------------------------------------------------------

--
-- Table structure for table `jam`
--

CREATE TABLE `jam` (
  `id` int(11) NOT NULL,
  `jam` varchar(50) NOT NULL,
  `is_available` tinyint(4) NOT NULL DEFAULT 1
) ENGINE=InnoDB DEFAULT CHARSET=latin1;

--
-- Dumping data for table `jam`
--

INSERT INTO `jam` (`id`, `jam`, `is_available`) VALUES
(1, '06:00:00', 1),
(2, '07:00:00', 1),
(3, '08:00:00', 1),
(4, '09:00:00', 1),
(5, '10:00:00', 1),
(6, '11:00:00', 1),
(7, '12:00:00', 1),
(8, '13:00:00', 1),
(9, '14:00:00', 1),
(10, '15:00:00', 1),
(11, '16:00:00', 1),
(12, '17:00:00', 1),
(13, '18:00:00', 1),
(14, '19:00:00', 1),
(15, '20:00:00', 1),
(16, '21:00:00', 1),
(17, '22:00:00', 1),
(18, '23:00:00', 1),
(19, '24:00:00', 1);

-- --------------------------------------------------------

--
-- Table structure for table `kategori`
--

CREATE TABLE `kategori` (
  `id_kategori` int(11) NOT NULL,
  `nama_kategori` varchar(20) NOT NULL,
  `slug_kat` varchar(20) NOT NULL,
  `created_by` char(50) NOT NULL,
  `created_at` datetime NOT NULL DEFAULT current_timestamp(),
  `modified_by` char(50) NOT NULL,
  `modified_at` datetime DEFAULT NULL ON UPDATE current_timestamp()
) ENGINE=InnoDB DEFAULT CHARSET=latin1;

--
-- Dumping data for table `kategori`
--

INSERT INTO `kategori` (`id_kategori`, `nama_kategori`, `slug_kat`, `created_by`, `created_at`, `modified_by`, `modified_at`) VALUES
(3, 'Friends', 'friends', 'superadmin', '2021-06-27 22:25:26', 'superadmin', '2021-06-27 22:27:25'),
(4, 'Couple', 'couple', 'superadmin', '2021-06-27 22:27:32', '', NULL),
(5, 'Weeding', 'weeding', 'superadmin', '2021-06-27 22:27:56', '', NULL);

-- --------------------------------------------------------

--
-- Table structure for table `kontak`
--

CREATE TABLE `kontak` (
  `id_kontak` int(11) NOT NULL,
  `nama_kontak` char(50) NOT NULL,
  `nohp` char(50) NOT NULL,
  `created_by` char(50) NOT NULL,
  `created_at` datetime NOT NULL DEFAULT current_timestamp(),
  `modified_by` char(50) NOT NULL,
  `modified_at` datetime DEFAULT NULL ON UPDATE current_timestamp()
) ENGINE=InnoDB DEFAULT CHARSET=latin1;

--
-- Dumping data for table `kontak`
--

INSERT INTO `kontak` (`id_kontak`, `nama_kontak`, `nohp`, `created_by`, `created_at`, `modified_by`, `modified_at`) VALUES
(4, 'Fiqri Firdaus', '6283813822549', 'superadmin', '2021-06-27 18:56:03', '', NULL);

-- --------------------------------------------------------

--
-- Table structure for table `kota`
--

CREATE TABLE `kota` (
  `id_kota` int(11) NOT NULL,
  `provinsi_id` int(11) NOT NULL,
  `nama_kota` varchar(100) NOT NULL
) ENGINE=InnoDB DEFAULT CHARSET=latin1;

--
-- Dumping data for table `kota`
--

INSERT INTO `kota` (`id_kota`, `provinsi_id`, `nama_kota`) VALUES
(1, 21, 'Aceh Barat'),
(2, 21, 'Aceh Barat Daya'),
(3, 21, 'Aceh Besar'),
(4, 21, 'Aceh Jaya'),
(5, 21, 'Aceh Selatan'),
(6, 21, 'Aceh Singkil'),
(7, 21, 'Aceh Tamiang'),
(8, 21, 'Aceh Tengah'),
(9, 21, 'Aceh Tenggara'),
(10, 21, 'Aceh Timur'),
(11, 21, 'Aceh Utara'),
(12, 32, 'Agam'),
(13, 23, 'Alor'),
(14, 19, 'Ambon'),
(15, 34, 'Asahan'),
(16, 24, 'Asmat'),
(17, 1, 'Badung'),
(18, 13, 'Balangan'),
(19, 15, 'Balikpapan'),
(20, 21, 'Banda Aceh'),
(21, 18, 'Bandar Lampung'),
(22, 9, 'Bandung'),
(23, 9, 'Bandung'),
(24, 9, 'Bandung Barat'),
(25, 29, 'Banggai'),
(26, 29, 'Banggai Kepulauan'),
(27, 2, 'Bangka'),
(28, 2, 'Bangka Barat'),
(29, 2, 'Bangka Selatan'),
(30, 2, 'Bangka Tengah'),
(31, 11, 'Bangkalan'),
(32, 1, 'Bangli'),
(33, 13, 'Banjar'),
(34, 9, 'Banjar'),
(35, 13, 'Banjarbaru'),
(36, 13, 'Banjarmasin'),
(37, 10, 'Banjarnegara'),
(38, 28, 'Bantaeng'),
(39, 5, 'Bantul'),
(40, 33, 'Banyuasin'),
(41, 10, 'Banyumas'),
(42, 11, 'Banyuwangi'),
(43, 13, 'Barito Kuala'),
(44, 14, 'Barito Selatan'),
(45, 14, 'Barito Timur'),
(46, 14, 'Barito Utara'),
(47, 28, 'Barru'),
(48, 17, 'Batam'),
(49, 10, 'Batang'),
(50, 8, 'Batang Hari'),
(51, 11, 'Batu'),
(52, 34, 'Batu Bara'),
(53, 30, 'Bau-Bau'),
(54, 9, 'Bekasi'),
(55, 9, 'Bekasi'),
(56, 2, 'Belitung'),
(57, 2, 'Belitung Timur'),
(58, 23, 'Belu'),
(59, 21, 'Bener Meriah'),
(60, 26, 'Bengkalis'),
(61, 12, 'Bengkayang'),
(62, 4, 'Bengkulu'),
(63, 4, 'Bengkulu Selatan'),
(64, 4, 'Bengkulu Tengah'),
(65, 4, 'Bengkulu Utara'),
(66, 15, 'Berau'),
(67, 24, 'Biak Numfor'),
(68, 22, 'Bima'),
(69, 22, 'Bima'),
(70, 34, 'Binjai'),
(71, 17, 'Bintan'),
(72, 21, 'Bireuen'),
(73, 31, 'Bitung'),
(74, 11, 'Blitar'),
(75, 11, 'Blitar'),
(76, 10, 'Blora'),
(77, 7, 'Boalemo'),
(78, 9, 'Bogor'),
(79, 9, 'Bogor'),
(80, 11, 'Bojonegoro'),
(81, 31, 'Bolaang Mongondow (Bolmong)'),
(82, 31, 'Bolaang Mongondow Selatan'),
(83, 31, 'Bolaang Mongondow Timur'),
(84, 31, 'Bolaang Mongondow Utara'),
(85, 30, 'Bombana'),
(86, 11, 'Bondowoso'),
(87, 28, 'Bone'),
(88, 7, 'Bone Bolango'),
(89, 15, 'Bontang'),
(90, 24, 'Boven Digoel'),
(91, 10, 'Boyolali'),
(92, 10, 'Brebes'),
(93, 32, 'Bukittinggi'),
(94, 1, 'Buleleng'),
(95, 28, 'Bulukumba'),
(96, 16, 'Bulungan (Bulongan)'),
(97, 8, 'Bungo'),
(98, 29, 'Buol'),
(99, 19, 'Buru'),
(100, 19, 'Buru Selatan'),
(101, 30, 'Buton'),
(102, 30, 'Buton Utara'),
(103, 9, 'Ciamis'),
(104, 9, 'Cianjur'),
(105, 10, 'Cilacap'),
(106, 3, 'Cilegon'),
(107, 9, 'Cimahi'),
(108, 9, 'Cirebon'),
(109, 9, 'Cirebon'),
(110, 34, 'Dairi'),
(111, 24, 'Deiyai (Deliyai)'),
(112, 34, 'Deli Serdang'),
(113, 10, 'Demak'),
(114, 1, 'Denpasar'),
(115, 9, 'Depok'),
(116, 32, 'Dharmasraya'),
(117, 24, 'Dogiyai'),
(118, 22, 'Dompu'),
(119, 29, 'Donggala'),
(120, 26, 'Dumai'),
(121, 33, 'Empat Lawang'),
(122, 23, 'Ende'),
(123, 28, 'Enrekang'),
(124, 25, 'Fakfak'),
(125, 23, 'Flores Timur'),
(126, 9, 'Garut'),
(127, 21, 'Gayo Lues'),
(128, 1, 'Gianyar'),
(129, 7, 'Gorontalo'),
(130, 7, 'Gorontalo'),
(131, 7, 'Gorontalo Utara'),
(132, 28, 'Gowa'),
(133, 11, 'Gresik'),
(134, 10, 'Grobogan'),
(135, 5, 'Gunung Kidul'),
(136, 14, 'Gunung Mas'),
(137, 34, 'Gunungsitoli'),
(138, 20, 'Halmahera Barat'),
(139, 20, 'Halmahera Selatan'),
(140, 20, 'Halmahera Tengah'),
(141, 20, 'Halmahera Timur'),
(142, 20, 'Halmahera Utara'),
(143, 13, 'Hulu Sungai Selatan'),
(144, 13, 'Hulu Sungai Tengah'),
(145, 13, 'Hulu Sungai Utara'),
(146, 34, 'Humbang Hasundutan'),
(147, 26, 'Indragiri Hilir'),
(148, 26, 'Indragiri Hulu'),
(149, 9, 'Indramayu'),
(150, 24, 'Intan Jaya'),
(151, 6, 'Jakarta Barat'),
(152, 6, 'Jakarta Pusat'),
(153, 6, 'Jakarta Selatan'),
(154, 6, 'Jakarta Timur'),
(155, 6, 'Jakarta Utara'),
(156, 8, 'Jambi'),
(157, 24, 'Jayapura'),
(158, 24, 'Jayapura'),
(159, 24, 'Jayawijaya'),
(160, 11, 'Jember'),
(161, 1, 'Jembrana'),
(162, 28, 'Jeneponto'),
(163, 10, 'Jepara'),
(164, 11, 'Jombang'),
(165, 25, 'Kaimana'),
(166, 26, 'Kampar'),
(167, 14, 'Kapuas'),
(168, 12, 'Kapuas Hulu'),
(169, 10, 'Karanganyar'),
(170, 1, 'Karangasem'),
(171, 9, 'Karawang'),
(172, 17, 'Karimun'),
(173, 34, 'Karo'),
(174, 14, 'Katingan'),
(175, 4, 'Kaur'),
(176, 12, 'Kayong Utara'),
(177, 10, 'Kebumen'),
(178, 11, 'Kediri'),
(179, 11, 'Kediri'),
(180, 24, 'Keerom'),
(181, 10, 'Kendal'),
(182, 30, 'Kendari'),
(183, 4, 'Kepahiang'),
(184, 17, 'Kepulauan Anambas'),
(185, 19, 'Kepulauan Aru'),
(186, 32, 'Kepulauan Mentawai'),
(187, 26, 'Kepulauan Meranti'),
(188, 31, 'Kepulauan Sangihe'),
(189, 6, 'Kepulauan Seribu'),
(190, 31, 'Kepulauan Siau Tagulandang Biaro (Sitaro)'),
(191, 20, 'Kepulauan Sula'),
(192, 31, 'Kepulauan Talaud'),
(193, 24, 'Kepulauan Yapen (Yapen Waropen)'),
(194, 8, 'Kerinci'),
(195, 12, 'Ketapang'),
(196, 10, 'Klaten'),
(197, 1, 'Klungkung'),
(198, 30, 'Kolaka'),
(199, 30, 'Kolaka Utara'),
(200, 30, 'Konawe'),
(201, 30, 'Konawe Selatan'),
(202, 30, 'Konawe Utara'),
(203, 13, 'Kotabaru'),
(204, 31, 'Kotamobagu'),
(205, 14, 'Kotawaringin Barat'),
(206, 14, 'Kotawaringin Timur'),
(207, 26, 'Kuantan Singingi'),
(208, 12, 'Kubu Raya'),
(209, 10, 'Kudus'),
(210, 5, 'Kulon Progo'),
(211, 9, 'Kuningan'),
(212, 23, 'Kupang'),
(213, 23, 'Kupang'),
(214, 15, 'Kutai Barat'),
(215, 15, 'Kutai Kartanegara'),
(216, 15, 'Kutai Timur'),
(217, 34, 'Labuhan Batu'),
(218, 34, 'Labuhan Batu Selatan'),
(219, 34, 'Labuhan Batu Utara'),
(220, 33, 'Lahat'),
(221, 14, 'Lamandau'),
(222, 11, 'Lamongan'),
(223, 18, 'Lampung Barat'),
(224, 18, 'Lampung Selatan'),
(225, 18, 'Lampung Tengah'),
(226, 18, 'Lampung Timur'),
(227, 18, 'Lampung Utara'),
(228, 12, 'Landak'),
(229, 34, 'Langkat'),
(230, 21, 'Langsa'),
(231, 24, 'Lanny Jaya'),
(232, 3, 'Lebak'),
(233, 4, 'Lebong'),
(234, 23, 'Lembata'),
(235, 21, 'Lhokseumawe'),
(236, 32, 'Lima Puluh Koto/Kota'),
(237, 17, 'Lingga'),
(238, 22, 'Lombok Barat'),
(239, 22, 'Lombok Tengah'),
(240, 22, 'Lombok Timur'),
(241, 22, 'Lombok Utara'),
(242, 33, 'Lubuk Linggau'),
(243, 11, 'Lumajang'),
(244, 28, 'Luwu'),
(245, 28, 'Luwu Timur'),
(246, 28, 'Luwu Utara'),
(247, 11, 'Madiun'),
(248, 11, 'Madiun'),
(249, 10, 'Magelang'),
(250, 10, 'Magelang'),
(251, 11, 'Magetan'),
(252, 9, 'Majalengka'),
(253, 27, 'Majene'),
(254, 28, 'Makassar'),
(255, 11, 'Malang'),
(256, 11, 'Malang'),
(257, 16, 'Malinau'),
(258, 19, 'Maluku Barat Daya'),
(259, 19, 'Maluku Tengah'),
(260, 19, 'Maluku Tenggara'),
(261, 19, 'Maluku Tenggara Barat'),
(262, 27, 'Mamasa'),
(263, 24, 'Mamberamo Raya'),
(264, 24, 'Mamberamo Tengah'),
(265, 27, 'Mamuju'),
(266, 27, 'Mamuju Utara'),
(267, 31, 'Manado'),
(268, 34, 'Mandailing Natal'),
(269, 23, 'Manggarai'),
(270, 23, 'Manggarai Barat'),
(271, 23, 'Manggarai Timur'),
(272, 25, 'Manokwari'),
(273, 25, 'Manokwari Selatan'),
(274, 24, 'Mappi'),
(275, 28, 'Maros'),
(276, 22, 'Mataram'),
(277, 25, 'Maybrat'),
(278, 34, 'Medan'),
(279, 12, 'Melawi'),
(280, 8, 'Merangin'),
(281, 24, 'Merauke'),
(282, 18, 'Mesuji'),
(283, 18, 'Metro'),
(284, 24, 'Mimika'),
(285, 31, 'Minahasa'),
(286, 31, 'Minahasa Selatan'),
(287, 31, 'Minahasa Tenggara'),
(288, 31, 'Minahasa Utara'),
(289, 11, 'Mojokerto'),
(290, 11, 'Mojokerto'),
(291, 29, 'Morowali'),
(292, 33, 'Muara Enim'),
(293, 8, 'Muaro Jambi'),
(294, 4, 'Muko Muko'),
(295, 30, 'Muna'),
(296, 14, 'Murung Raya'),
(297, 33, 'Musi Banyuasin'),
(298, 33, 'Musi Rawas'),
(299, 24, 'Nabire'),
(300, 21, 'Nagan Raya'),
(301, 23, 'Nagekeo'),
(302, 17, 'Natuna'),
(303, 24, 'Nduga'),
(304, 23, 'Ngada'),
(305, 11, 'Nganjuk'),
(306, 11, 'Ngawi'),
(307, 34, 'Nias'),
(308, 34, 'Nias Barat'),
(309, 34, 'Nias Selatan'),
(310, 34, 'Nias Utara'),
(311, 16, 'Nunukan'),
(312, 33, 'Ogan Ilir'),
(313, 33, 'Ogan Komering Ilir'),
(314, 33, 'Ogan Komering Ulu'),
(315, 33, 'Ogan Komering Ulu Selatan'),
(316, 33, 'Ogan Komering Ulu Timur'),
(317, 11, 'Pacitan'),
(318, 32, 'Padang'),
(319, 34, 'Padang Lawas'),
(320, 34, 'Padang Lawas Utara'),
(321, 32, 'Padang Panjang'),
(322, 32, 'Padang Pariaman'),
(323, 34, 'Padang Sidempuan'),
(324, 33, 'Pagar Alam'),
(325, 34, 'Pakpak Bharat'),
(326, 14, 'Palangka Raya'),
(327, 33, 'Palembang'),
(328, 28, 'Palopo'),
(329, 29, 'Palu'),
(330, 11, 'Pamekasan'),
(331, 3, 'Pandeglang'),
(332, 9, 'Pangandaran'),
(333, 28, 'Pangkajene Kepulauan'),
(334, 2, 'Pangkal Pinang'),
(335, 24, 'Paniai'),
(336, 28, 'Parepare'),
(337, 32, 'Pariaman'),
(338, 29, 'Parigi Moutong'),
(339, 32, 'Pasaman'),
(340, 32, 'Pasaman Barat'),
(341, 15, 'Paser'),
(342, 11, 'Pasuruan'),
(343, 11, 'Pasuruan'),
(344, 10, 'Pati'),
(345, 32, 'Payakumbuh'),
(346, 25, 'Pegunungan Arfak'),
(347, 24, 'Pegunungan Bintang'),
(348, 10, 'Pekalongan'),
(349, 10, 'Pekalongan'),
(350, 26, 'Pekanbaru'),
(351, 26, 'Pelalawan'),
(352, 10, 'Pemalang'),
(353, 34, 'Pematang Siantar'),
(354, 15, 'Penajam Paser Utara'),
(355, 18, 'Pesawaran'),
(356, 18, 'Pesisir Barat'),
(357, 32, 'Pesisir Selatan'),
(358, 21, 'Pidie'),
(359, 21, 'Pidie Jaya'),
(360, 28, 'Pinrang'),
(361, 7, 'Pohuwato'),
(362, 27, 'Polewali Mandar'),
(363, 11, 'Ponorogo'),
(364, 12, 'Pontianak'),
(365, 12, 'Pontianak'),
(366, 29, 'Poso'),
(367, 33, 'Prabumulih'),
(368, 18, 'Pringsewu'),
(369, 11, 'Probolinggo'),
(370, 11, 'Probolinggo'),
(371, 14, 'Pulang Pisau'),
(372, 20, 'Pulau Morotai'),
(373, 24, 'Puncak'),
(374, 24, 'Puncak Jaya'),
(375, 10, 'Purbalingga'),
(376, 9, 'Purwakarta'),
(377, 10, 'Purworejo'),
(378, 25, 'Raja Ampat'),
(379, 4, 'Rejang Lebong'),
(380, 10, 'Rembang'),
(381, 26, 'Rokan Hilir'),
(382, 26, 'Rokan Hulu'),
(383, 23, 'Rote Ndao'),
(384, 21, 'Sabang'),
(385, 23, 'Sabu Raijua'),
(386, 10, 'Salatiga'),
(387, 15, 'Samarinda'),
(388, 12, 'Sambas'),
(389, 34, 'Samosir'),
(390, 11, 'Sampang'),
(391, 12, 'Sanggau'),
(392, 24, 'Sarmi'),
(393, 8, 'Sarolangun'),
(394, 32, 'Sawah Lunto'),
(395, 12, 'Sekadau'),
(396, 28, 'Selayar (Kepulauan Selayar)'),
(397, 4, 'Seluma'),
(398, 10, 'Semarang'),
(399, 10, 'Semarang'),
(400, 19, 'Seram Bagian Barat'),
(401, 19, 'Seram Bagian Timur'),
(402, 3, 'Serang'),
(403, 3, 'Serang'),
(404, 34, 'Serdang Bedagai'),
(405, 14, 'Seruyan'),
(406, 26, 'Siak'),
(407, 34, 'Sibolga'),
(408, 28, 'Sidenreng Rappang/Rapang'),
(409, 11, 'Sidoarjo'),
(410, 29, 'Sigi'),
(411, 32, 'Sijunjung (Sawah Lunto Sijunjung)'),
(412, 23, 'Sikka'),
(413, 34, 'Simalungun'),
(414, 21, 'Simeulue'),
(415, 12, 'Singkawang'),
(416, 28, 'Sinjai'),
(417, 12, 'Sintang'),
(418, 11, 'Situbondo'),
(419, 5, 'Sleman'),
(420, 32, 'Solok'),
(421, 32, 'Solok'),
(422, 32, 'Solok Selatan'),
(423, 28, 'Soppeng'),
(424, 25, 'Sorong'),
(425, 25, 'Sorong'),
(426, 25, 'Sorong Selatan'),
(427, 10, 'Sragen'),
(428, 9, 'Subang'),
(429, 21, 'Subulussalam'),
(430, 9, 'Sukabumi'),
(431, 9, 'Sukabumi'),
(432, 14, 'Sukamara'),
(433, 10, 'Sukoharjo'),
(434, 23, 'Sumba Barat'),
(435, 23, 'Sumba Barat Daya'),
(436, 23, 'Sumba Tengah'),
(437, 23, 'Sumba Timur'),
(438, 22, 'Sumbawa'),
(439, 22, 'Sumbawa Barat'),
(440, 9, 'Sumedang'),
(441, 11, 'Sumenep'),
(442, 8, 'Sungaipenuh'),
(443, 24, 'Supiori'),
(444, 11, 'Surabaya'),
(445, 10, 'Surakarta (Solo)'),
(446, 13, 'Tabalong'),
(447, 1, 'Tabanan'),
(448, 28, 'Takalar'),
(449, 25, 'Tambrauw'),
(450, 16, 'Tana Tidung'),
(451, 28, 'Tana Toraja'),
(452, 13, 'Tanah Bumbu'),
(453, 32, 'Tanah Datar'),
(454, 13, 'Tanah Laut'),
(455, 3, 'Tangerang'),
(456, 3, 'Tangerang'),
(457, 3, 'Tangerang Selatan'),
(458, 18, 'Tanggamus'),
(459, 34, 'Tanjung Balai'),
(460, 8, 'Tanjung Jabung Barat'),
(461, 8, 'Tanjung Jabung Timur'),
(462, 17, 'Tanjung Pinang'),
(463, 34, 'Tapanuli Selatan'),
(464, 34, 'Tapanuli Tengah'),
(465, 34, 'Tapanuli Utara'),
(466, 13, 'Tapin'),
(467, 16, 'Tarakan'),
(468, 9, 'Tasikmalaya'),
(469, 9, 'Tasikmalaya'),
(470, 34, 'Tebing Tinggi'),
(471, 8, 'Tebo'),
(472, 10, 'Tegal'),
(473, 10, 'Tegal'),
(474, 25, 'Teluk Bintuni'),
(475, 25, 'Teluk Wondama'),
(476, 10, 'Temanggung'),
(477, 20, 'Ternate'),
(478, 20, 'Tidore Kepulauan'),
(479, 23, 'Timor Tengah Selatan'),
(480, 23, 'Timor Tengah Utara'),
(481, 34, 'Toba Samosir'),
(482, 29, 'Tojo Una-Una'),
(483, 29, 'Toli-Toli'),
(484, 24, 'Tolikara'),
(485, 31, 'Tomohon'),
(486, 28, 'Toraja Utara'),
(487, 11, 'Trenggalek'),
(488, 19, 'Tual'),
(489, 11, 'Tuban'),
(490, 18, 'Tulang Bawang'),
(491, 18, 'Tulang Bawang Barat'),
(492, 11, 'Tulungagung'),
(493, 28, 'Wajo'),
(494, 30, 'Wakatobi'),
(495, 24, 'Waropen'),
(496, 18, 'Way Kanan'),
(497, 10, 'Wonogiri'),
(498, 10, 'Wonosobo'),
(499, 24, 'Yahukimo'),
(500, 24, 'Yalimo'),
(501, 5, 'Yogyakarta');

-- --------------------------------------------------------

--
-- Table structure for table `lapangan`
--

CREATE TABLE `lapangan` (
  `id_lapangan` int(11) NOT NULL,
  `nama_lapangan` varchar(100) NOT NULL,
  `harga` int(11) NOT NULL,
  `foto` text NOT NULL,
  `created_by` varchar(50) NOT NULL,
  `created_at` datetime NOT NULL DEFAULT current_timestamp(),
  `modified_by` varchar(50) NOT NULL,
  `modified_at` datetime DEFAULT NULL ON UPDATE current_timestamp()
) ENGINE=InnoDB DEFAULT CHARSET=latin1;

--
-- Dumping data for table `lapangan`
--

INSERT INTO `lapangan` (`id_lapangan`, `nama_lapangan`, `harga`, `foto`, `created_by`, `created_at`, `modified_by`, `modified_at`) VALUES
(7, 'Photo Wedding', 25000, 'ex-120210627175523.jpg', 'superadmin', '2021-06-27 17:55:24', 'superadmin', '2021-06-27 21:16:45'),
(8, 'Photo Group', 50000, 'ex-220210627175544.jpg', 'superadmin', '2021-06-27 17:55:45', 'superadmin', '2021-06-27 21:16:31'),
(9, 'Photo Group', 50000, 'ex-320210627184208.jpg', 'superadmin', '2021-06-27 18:42:08', 'superadmin', '2021-06-27 21:15:53'),
(10, 'Photo Couple', 50000, 'ex-420210627210926.jpg', 'superadmin', '2021-06-27 21:09:26', 'superadmin', '2021-06-27 21:15:11'),
(11, 'Photo Wedding', 600000, 'photo-wedding20210627211734.jpg', 'superadmin', '2021-06-27 21:17:34', 'superadmin', '2021-06-27 21:45:53'),
(12, 'Photo Family', 60000, 'photo-family20210627211800.jpg', 'superadmin', '2021-06-27 21:18:00', 'superadmin', '2021-06-27 21:46:06');

-- --------------------------------------------------------

--
-- Table structure for table `login_attempts`
--

CREATE TABLE `login_attempts` (
  `id` int(10) UNSIGNED NOT NULL,
  `ip_address` varchar(15) CHARACTER SET utf8 NOT NULL,
  `login` varchar(100) CHARACTER SET utf8 NOT NULL,
  `time` int(10) UNSIGNED DEFAULT NULL
) ENGINE=InnoDB DEFAULT CHARSET=latin1;

-- --------------------------------------------------------

--
-- Table structure for table `page`
--

CREATE TABLE `page` (
  `id_page` int(11) NOT NULL,
  `judul_page` varchar(50) NOT NULL,
  `judul_seo` varchar(50) NOT NULL,
  `isi_page` text NOT NULL,
  `gambar` text NOT NULL
) ENGINE=InnoDB DEFAULT CHARSET=latin1;

--
-- Dumping data for table `page`
--

INSERT INTO `page` (`id_page`, `judul_page`, `judul_seo`, `isi_page`, `gambar`) VALUES
(1, 'Home', 'home', '', ''),
(2, 'Download', 'download', 'download', ''),
(3, 'Kontak', 'kontak', '<p style=\"text-align: center;\">&nbsp;<img src=\"http://localhost/tol/assets/images/upload/whatsapp.png\" /><br /><strong>SMS/ Call/ Whatsapp</strong></p>\r\n<p style=\"text-align: center;\">0853-6873-3631</p>\r\n<p style=\"text-align: center;\">0822-8155-1666</p>', ''),
(4, 'Profil', 'profil', '<p style=\"text-align: justify;\">Kami adalah studio foto yang memiliki satu tujuan, untuk membantu menyimpan momen momen bahagia kamu tanpa harus membayar jutaan, Hanya di FD-CHEXO Photo Studio Anda bisa menyimpan momen bahagia tanpa harus bayar jutaan . Dengan hasil karya foto yang berkualitas yang akan kamu bawa pulang untuk kenangan suatu saat nanti.</p>\r\n<p style=\"text-align: justify;\">Berikut adalah foto toko kami:</p>', ''),
(5, 'Order', 'order', '<p>Anda dapat menghubungi&nbsp;kami melalui tombol order via whatsapp di masing-masing produk atau melalui customer service/ kontak yang telah disediakan di sisi kanan website ini</p>', '');

-- --------------------------------------------------------

--
-- Table structure for table `provinsi`
--

CREATE TABLE `provinsi` (
  `id_provinsi` int(11) NOT NULL,
  `nama_provinsi` varchar(50) NOT NULL
) ENGINE=InnoDB DEFAULT CHARSET=latin1;

--
-- Dumping data for table `provinsi`
--

INSERT INTO `provinsi` (`id_provinsi`, `nama_provinsi`) VALUES
(1, 'Bali'),
(2, 'Bangka Belitung'),
(3, 'Banten'),
(4, 'Bengkulu'),
(5, 'DI Yogyakarta'),
(6, 'DKI Jakarta'),
(7, 'Gorontalo'),
(8, 'Jambi'),
(9, 'Jawa Barat'),
(10, 'Jawa Tengah'),
(11, 'Jawa Timur'),
(12, 'Kalimantan Barat'),
(13, 'Kalimantan Selatan'),
(14, 'Kalimantan Tengah'),
(15, 'Kalimantan Timur'),
(16, 'Kalimantan Utara'),
(17, 'Kepulauan Riau'),
(18, 'Lampung'),
(19, 'Maluku'),
(20, 'Maluku Utara'),
(21, 'Nanggroe Aceh Darussalam (NAD)'),
(22, 'Nusa Tenggara Barat (NTB)'),
(23, 'Nusa Tenggara Timur (NTT)'),
(24, 'Papua'),
(25, 'Papua Barat'),
(26, 'Riau'),
(27, 'Sulawesi Barat'),
(28, 'Sulawesi Selatan'),
(29, 'Sulawesi Tengah'),
(30, 'Sulawesi Tenggara'),
(31, 'Sulawesi Utara'),
(32, 'Sumatera Barat'),
(33, 'Sumatera Selatan'),
(34, 'Sumatera Utara');

-- --------------------------------------------------------

--
-- Table structure for table `slider`
--

CREATE TABLE `slider` (
  `id_slider` int(11) NOT NULL,
  `no_urut` int(11) NOT NULL,
  `nama_slider` varchar(100) NOT NULL,
  `link` varchar(100) NOT NULL,
  `foto` text NOT NULL,
  `foto_type` char(10) NOT NULL,
  `foto_size` int(11) NOT NULL,
  `created_at` datetime NOT NULL DEFAULT current_timestamp(),
  `created_by` char(50) NOT NULL,
  `modified_at` datetime DEFAULT NULL ON UPDATE current_timestamp(),
  `modified_by` char(50) NOT NULL
) ENGINE=InnoDB DEFAULT CHARSET=latin1;

--
-- Dumping data for table `slider`
--

INSERT INTO `slider` (`id_slider`, `no_urut`, `nama_slider`, `link`, `foto`, `foto_type`, `foto_size`, `created_at`, `created_by`, `modified_at`, `modified_by`) VALUES
(1, 1, 'Slider 1', 'http://www.yahoo.com ', '120210627210639', '.jpg', 203, '2017-11-25 08:05:03', 'amperakoding', '2021-06-27 21:06:39', 'superadmin'),
(2, 2, 'Slider 2', 'http://www.google.com ', '220210627210450', '.jpg', 833, '2017-11-25 08:05:03', 'amperakoding', '2021-06-27 21:04:50', 'superadmin'),
(3, 3, 'XXZ', 'http://www.facebook.com', '320210627175411', '.jpg', 167, '2017-11-25 08:05:03', 'amperakoding', '2021-06-27 17:54:11', 'superadmin');

-- --------------------------------------------------------

--
-- Table structure for table `subscriber`
--

CREATE TABLE `subscriber` (
  `id_subscriber` int(11) NOT NULL,
  `email` char(20) NOT NULL,
  `status` int(11) NOT NULL,
  `created_at` datetime NOT NULL DEFAULT current_timestamp()
) ENGINE=InnoDB DEFAULT CHARSET=latin1;

-- --------------------------------------------------------

--
-- Table structure for table `transaksi`
--

CREATE TABLE `transaksi` (
  `id_trans` int(11) NOT NULL,
  `id_invoice` char(15) NOT NULL,
  `user_id` int(11) NOT NULL,
  `subtotal` int(11) NOT NULL,
  `diskon` int(11) NOT NULL,
  `grand_total` int(11) NOT NULL,
  `deadline` datetime NOT NULL,
  `catatan` text NOT NULL,
  `status` int(11) NOT NULL,
  `created_date` date NOT NULL,
  `created_time` time NOT NULL
) ENGINE=InnoDB DEFAULT CHARSET=latin1;

--
-- Dumping data for table `transaksi`
--

INSERT INTO `transaksi` (`id_trans`, `id_invoice`, `user_id`, `subtotal`, `diskon`, `grand_total`, `deadline`, `catatan`, `status`, `created_date`, `created_time`) VALUES
(13, 'J-210627-0002', 6, 50000, 0, 50000, '2021-06-28 00:00:34', 'Assalamualaikum kak, saya booking foto buat besok yaa. Terimakasih', 2, '2021-06-27', '10:54:14'),
(14, 'J-210627-0003', 6, 600000, 0, 600000, '2021-06-28 00:12:28', 'Malam mas. saya booking foto hari rabu yaa. Terimakasih', 2, '2021-06-27', '11:11:15'),
(15, 'J-210628-0004', 7, 50000, 0, 50000, '2021-06-28 13:53:31', '', 2, '2021-06-28', '12:53:03'),
(17, 'J-210628-0005', 6, 50000, 50000, 0, '2021-06-28 15:07:53', '', 2, '2021-06-28', '02:06:49'),
(18, 'J-210705-0001', 6, 50000, 50000, 0, '2021-07-05 22:27:33', 'Testing', 2, '2021-07-05', '09:26:31'),
(19, 'J-210705-0002', 8, 50000, 0, 50000, '2021-07-05 22:37:53', 'Bacottt anjing!', 2, '2021-07-05', '09:37:03'),
(20, 'J-210708-0003', 7, 0, 0, 0, '0000-00-00 00:00:00', '', 0, '2021-07-08', '10:07:35');

-- --------------------------------------------------------

--
-- Table structure for table `transaksi_detail`
--

CREATE TABLE `transaksi_detail` (
  `id_transdet` int(11) NOT NULL,
  `trans_id` int(11) NOT NULL,
  `lapangan_id` int(11) NOT NULL,
  `tanggal` date NOT NULL,
  `jam_mulai` time DEFAULT NULL,
  `durasi` int(11) NOT NULL,
  `jam_selesai` time DEFAULT NULL,
  `harga_jual` int(11) NOT NULL,
  `total` int(11) NOT NULL,
  `created_at` datetime NOT NULL DEFAULT current_timestamp()
) ENGINE=InnoDB DEFAULT CHARSET=latin1;

--
-- Dumping data for table `transaksi_detail`
--

INSERT INTO `transaksi_detail` (`id_transdet`, `trans_id`, `lapangan_id`, `tanggal`, `jam_mulai`, `durasi`, `jam_selesai`, `harga_jual`, `total`, `created_at`) VALUES
(19, 13, 8, '2021-06-28', '10:00:00', 1, '11:00:00', 50000, 50000, '2021-06-27 22:54:15'),
(20, 14, 11, '2021-06-30', '10:00:00', 1, '11:00:00', 600000, 600000, '2021-06-27 23:11:15'),
(21, 15, 9, '2021-07-01', '10:00:00', 1, '11:00:00', 50000, 50000, '2021-06-28 12:53:03'),
(24, 17, 10, '2021-07-06', '10:00:00', 1, '11:00:00', 50000, 50000, '2021-06-28 14:06:49'),
(25, 18, 10, '2021-07-08', '08:00:00', 1, '09:00:00', 50000, 50000, '2021-07-05 21:26:31'),
(26, 19, 8, '2021-07-08', '08:00:00', 1, '09:00:00', 50000, 50000, '2021-07-05 21:37:03'),
(27, 20, 9, '0000-00-00', NULL, 0, NULL, 50000, 50000, '2021-07-08 10:07:35');

-- --------------------------------------------------------

--
-- Table structure for table `users`
--

CREATE TABLE `users` (
  `id` int(11) NOT NULL,
  `name` varchar(50) CHARACTER SET utf8 NOT NULL,
  `username` varchar(100) CHARACTER SET utf8 NOT NULL,
  `password` varchar(255) CHARACTER SET utf8 NOT NULL,
  `email` varchar(100) CHARACTER SET utf8 NOT NULL,
  `phone` varchar(20) CHARACTER SET utf8 DEFAULT NULL,
  `provinsi` int(11) DEFAULT NULL,
  `kota` int(11) DEFAULT NULL,
  `address` text CHARACTER SET utf8 NOT NULL,
  `usertype` int(11) NOT NULL,
  `active` tinyint(3) UNSIGNED DEFAULT NULL,
  `photo` text CHARACTER SET utf8 DEFAULT NULL,
  `photo_type` varchar(10) CHARACTER SET utf8 DEFAULT NULL,
  `ip_address` varchar(45) CHARACTER SET utf8 NOT NULL,
  `salt` varchar(255) CHARACTER SET utf8 DEFAULT NULL,
  `activation_code` varchar(40) CHARACTER SET utf8 DEFAULT NULL,
  `forgotten_password_code` varchar(40) CHARACTER SET utf8 DEFAULT NULL,
  `forgotten_password_time` int(10) UNSIGNED DEFAULT NULL,
  `remember_code` varchar(40) CHARACTER SET utf8 DEFAULT NULL,
  `last_login` int(11) DEFAULT NULL,
  `created_on` int(11) NOT NULL,
  `modified` datetime DEFAULT NULL ON UPDATE current_timestamp()
) ENGINE=InnoDB DEFAULT CHARSET=latin1;

--
-- Dumping data for table `users`
--

INSERT INTO `users` (`id`, `name`, `username`, `password`, `email`, `phone`, `provinsi`, `kota`, `address`, `usertype`, `active`, `photo`, `photo_type`, `ip_address`, `salt`, `activation_code`, `forgotten_password_code`, `forgotten_password_time`, `remember_code`, `last_login`, `created_on`, `modified`) VALUES
(1, 'SuperAdmin', 'superadmin', '$2y$08$TWMdtdacqPE5yEz9n1LwFuhEVmiDTTsupl12M45tCQihzF1tu2N/6', 'superadmin@gmail.com', '083899980939', 6, 151, 'Jl. Syeikh Nawawi Tanara Kp. Bojong Ds. Sukamanah Kec. Tanara Kab. Serang-Banten.', 1, 1, 'superadmin20210627190219', '.jpg', '::1', NULL, 'c6ad242e6fd3de875568c7de5ba23af4a24137ef', 'tHafW45duPzrU3oWR0AVuO48b26088a3cd65edc4', 1621246176, NULL, 1625496560, 2147483647, '2021-07-05 21:49:20'),
(2, 'Admin', 'administrator', '$2y$08$rnCngWyQhFLdVJijctNDKuwJZ8o9VfcSsZ9IM9XN71ugxIpQFeCWe', 'administrator@gmail.com', '08124124', NULL, NULL, 'kaldjlas', 2, 1, 'admin20180424102408', '.jpeg', '::1', NULL, NULL, NULL, NULL, 'rzcDlmqtyXfrAamOmKADDu', 1624864186, 1524551716, '2021-06-28 14:09:46'),
(6, 'Rizky Firmansyah', 'rizkyfirman_15', '$2y$08$g2rP2Y7WkKECKE7YyViQz.P0L6QAr0lEoMpGFG212LhrbcpdWFGmG', 'rizkydev@globalindonesiaschool.sch.id', '6283899980939', 3, 402, 'Jl. Syeikh Nawawi Tanara Kp. Bojong Ds.Sukamanah Kec. Tanara Kab. Serang-Banten.', 3, 1, NULL, NULL, '::1', NULL, NULL, NULL, NULL, 'FkyQSRR/yc1WI3fgg6jiiu', 1625495378, 1624808671, '2021-07-05 21:29:38'),
(7, 'Rafli Ardiansyah', 'rafli_ar', '$2y$08$TrfQn7EjtbeyNLdVoQT1TONzRhLwokYROnwp8QsX0i9.1QpNGXnze', 'rafli_ar@gmail.com', '6283877880933', 3, 402, 'Jl. Raya Ciruas Kp. Kalodran Ds. Kepuren Kec. Ciruas Kab. Serang-Banten.', 4, 1, NULL, NULL, '::1', NULL, NULL, NULL, NULL, NULL, 1625713648, 1624859259, '2021-07-08 10:07:28'),
(8, 'Udin', 'udin', '$2y$08$RmTwpDQQQOtp6PR7zssYLOmP2xg4Bo3G1cbpJkH36ucujmhL2BNGq', 'udin@gmail.com', '0857828333', 3, 331, 'Kp. Penembung', 4, 1, NULL, NULL, '::1', NULL, NULL, NULL, NULL, NULL, 1625496112, 1625495701, '2021-07-05 21:41:52');

-- --------------------------------------------------------

--
-- Table structure for table `users_group`
--

CREATE TABLE `users_group` (
  `id_group` int(11) NOT NULL,
  `name_group` char(20) NOT NULL
) ENGINE=InnoDB DEFAULT CHARSET=latin1;

--
-- Dumping data for table `users_group`
--

INSERT INTO `users_group` (`id_group`, `name_group`) VALUES
(1, 'SuperAdmin'),
(2, 'Administrator'),
(3, 'Member Premium'),
(4, 'Member Biasa');

--
-- Indexes for dumped tables
--

--
-- Indexes for table `album`
--
ALTER TABLE `album`
  ADD PRIMARY KEY (`id_album`);

--
-- Indexes for table `bank`
--
ALTER TABLE `bank`
  ADD PRIMARY KEY (`id_bank`);

--
-- Indexes for table `company`
--
ALTER TABLE `company`
  ADD PRIMARY KEY (`id_company`);

--
-- Indexes for table `diskon`
--
ALTER TABLE `diskon`
  ADD PRIMARY KEY (`id`);

--
-- Indexes for table `event`
--
ALTER TABLE `event`
  ADD PRIMARY KEY (`id_event`);

--
-- Indexes for table `foto`
--
ALTER TABLE `foto`
  ADD PRIMARY KEY (`id_foto`),
  ADD KEY `foto_FK` (`album_id`);

--
-- Indexes for table `jam`
--
ALTER TABLE `jam`
  ADD PRIMARY KEY (`id`);

--
-- Indexes for table `kategori`
--
ALTER TABLE `kategori`
  ADD PRIMARY KEY (`id_kategori`);

--
-- Indexes for table `kontak`
--
ALTER TABLE `kontak`
  ADD PRIMARY KEY (`id_kontak`);

--
-- Indexes for table `lapangan`
--
ALTER TABLE `lapangan`
  ADD PRIMARY KEY (`id_lapangan`);

--
-- Indexes for table `login_attempts`
--
ALTER TABLE `login_attempts`
  ADD PRIMARY KEY (`id`);

--
-- Indexes for table `page`
--
ALTER TABLE `page`
  ADD PRIMARY KEY (`id_page`);

--
-- Indexes for table `slider`
--
ALTER TABLE `slider`
  ADD PRIMARY KEY (`id_slider`);

--
-- Indexes for table `subscriber`
--
ALTER TABLE `subscriber`
  ADD PRIMARY KEY (`id_subscriber`);

--
-- Indexes for table `transaksi`
--
ALTER TABLE `transaksi`
  ADD PRIMARY KEY (`id_trans`),
  ADD KEY `transaksi_FK` (`user_id`);

--
-- Indexes for table `transaksi_detail`
--
ALTER TABLE `transaksi_detail`
  ADD PRIMARY KEY (`id_transdet`),
  ADD KEY `transaksi_detail_FK` (`lapangan_id`),
  ADD KEY `transaksi_detail_FK_1` (`trans_id`);

--
-- Indexes for table `users`
--
ALTER TABLE `users`
  ADD PRIMARY KEY (`id`);

--
-- Indexes for table `users_group`
--
ALTER TABLE `users_group`
  ADD PRIMARY KEY (`id_group`);

--
-- AUTO_INCREMENT for dumped tables
--

--
-- AUTO_INCREMENT for table `album`
--
ALTER TABLE `album`
  MODIFY `id_album` int(11) NOT NULL AUTO_INCREMENT, AUTO_INCREMENT=12;

--
-- AUTO_INCREMENT for table `bank`
--
ALTER TABLE `bank`
  MODIFY `id_bank` int(11) NOT NULL AUTO_INCREMENT, AUTO_INCREMENT=5;

--
-- AUTO_INCREMENT for table `company`
--
ALTER TABLE `company`
  MODIFY `id_company` int(11) NOT NULL AUTO_INCREMENT, AUTO_INCREMENT=2;

--
-- AUTO_INCREMENT for table `event`
--
ALTER TABLE `event`
  MODIFY `id_event` int(11) NOT NULL AUTO_INCREMENT, AUTO_INCREMENT=11;

--
-- AUTO_INCREMENT for table `foto`
--
ALTER TABLE `foto`
  MODIFY `id_foto` int(11) NOT NULL AUTO_INCREMENT, AUTO_INCREMENT=17;

--
-- AUTO_INCREMENT for table `jam`
--
ALTER TABLE `jam`
  MODIFY `id` int(11) NOT NULL AUTO_INCREMENT, AUTO_INCREMENT=20;

--
-- AUTO_INCREMENT for table `kategori`
--
ALTER TABLE `kategori`
  MODIFY `id_kategori` int(11) NOT NULL AUTO_INCREMENT, AUTO_INCREMENT=6;

--
-- AUTO_INCREMENT for table `kontak`
--
ALTER TABLE `kontak`
  MODIFY `id_kontak` int(11) NOT NULL AUTO_INCREMENT, AUTO_INCREMENT=6;

--
-- AUTO_INCREMENT for table `lapangan`
--
ALTER TABLE `lapangan`
  MODIFY `id_lapangan` int(11) NOT NULL AUTO_INCREMENT, AUTO_INCREMENT=13;

--
-- AUTO_INCREMENT for table `login_attempts`
--
ALTER TABLE `login_attempts`
  MODIFY `id` int(10) UNSIGNED NOT NULL AUTO_INCREMENT;

--
-- AUTO_INCREMENT for table `page`
--
ALTER TABLE `page`
  MODIFY `id_page` int(11) NOT NULL AUTO_INCREMENT, AUTO_INCREMENT=6;

--
-- AUTO_INCREMENT for table `slider`
--
ALTER TABLE `slider`
  MODIFY `id_slider` int(11) NOT NULL AUTO_INCREMENT, AUTO_INCREMENT=4;

--
-- AUTO_INCREMENT for table `subscriber`
--
ALTER TABLE `subscriber`
  MODIFY `id_subscriber` int(11) NOT NULL AUTO_INCREMENT;

--
-- AUTO_INCREMENT for table `transaksi`
--
ALTER TABLE `transaksi`
  MODIFY `id_trans` int(11) NOT NULL AUTO_INCREMENT, AUTO_INCREMENT=21;

--
-- AUTO_INCREMENT for table `transaksi_detail`
--
ALTER TABLE `transaksi_detail`
  MODIFY `id_transdet` int(11) NOT NULL AUTO_INCREMENT, AUTO_INCREMENT=28;

--
-- AUTO_INCREMENT for table `users`
--
ALTER TABLE `users`
  MODIFY `id` int(11) NOT NULL AUTO_INCREMENT, AUTO_INCREMENT=9;

--
-- AUTO_INCREMENT for table `users_group`
--
ALTER TABLE `users_group`
  MODIFY `id_group` int(11) NOT NULL AUTO_INCREMENT, AUTO_INCREMENT=5;

--
-- Constraints for dumped tables
--

--
-- Constraints for table `foto`
--
ALTER TABLE `foto`
  ADD CONSTRAINT `foto_FK` FOREIGN KEY (`album_id`) REFERENCES `album` (`id_album`) ON DELETE CASCADE ON UPDATE CASCADE;

--
-- Constraints for table `transaksi`
--
ALTER TABLE `transaksi`
  ADD CONSTRAINT `transaksi_FK` FOREIGN KEY (`user_id`) REFERENCES `users` (`id`) ON DELETE CASCADE ON UPDATE CASCADE;

--
-- Constraints for table `transaksi_detail`
--
ALTER TABLE `transaksi_detail`
  ADD CONSTRAINT `transaksi_detail_FK` FOREIGN KEY (`lapangan_id`) REFERENCES `lapangan` (`id_lapangan`) ON DELETE CASCADE ON UPDATE CASCADE,
  ADD CONSTRAINT `transaksi_detail_FK_1` FOREIGN KEY (`trans_id`) REFERENCES `transaksi` (`id_trans`) ON DELETE CASCADE ON UPDATE CASCADE;
COMMIT;

/*!40101 SET CHARACTER_SET_CLIENT=@OLD_CHARACTER_SET_CLIENT */;
/*!40101 SET CHARACTER_SET_RESULTS=@OLD_CHARACTER_SET_RESULTS */;
/*!40101 SET COLLATION_CONNECTION=@OLD_COLLATION_CONNECTION */;
